               epoch,      train/box_loss,      train/obj_loss,      train/cls_loss,   metrics/precision,      metrics/recall,     metrics/mAP_0.5,metrics/mAP_0.5:0.95,        val/box_loss,        val/obj_loss,        val/cls_loss,               x/lr0,               x/lr1,               x/lr2
                   0,             0.11167,            0.080525,            0.064623,                   0,                   0,                   0,                   0,                   0,             0.01817,                   0,               6e-05,               6e-05,             0.09946
                   1,              0.1075,            0.079734,            0.063835,                   0,                   0,                   0,                   0,                   0,            0.017461,                   0,          0.00012999,          0.00012999,             0.09883
                   2,             0.10423,            0.090005,            0.064119,                   0,                   0,                   0,                   0,                   0,            0.016954,                   0,          0.00019996,          0.00019996,              0.0982
                   3,             0.10106,             0.08939,            0.062966,                   0,                   0,                   0,                   0,                   0,            0.016681,                   0,          0.00026987,          0.00026987,             0.09757
                   4,            0.097032,            0.094889,            0.062645,                   0,                   0,                   0,                   0,                   0,            0.016306,                   0,           0.0003397,           0.0003397,             0.09694
                   5,            0.095445,            0.091151,            0.061973,                   0,                   0,                   0,                   0,                   0,            0.016429,                   0,          0.00040943,          0.00040943,            0.096309
                   6,            0.092116,             0.10021,            0.060476,                   0,                   0,                   0,                   0,                   0,            0.016395,                   0,          0.00047904,          0.00047904,            0.095679
                   7,            0.089654,            0.097796,             0.06029,                   0,                   0,                   0,                   0,                   0,            0.016755,                   0,          0.00054851,          0.00054851,            0.095049
                   8,            0.089707,             0.10612,            0.059197,                   0,                   0,                   0,                   0,                   0,            0.017596,                   0,           0.0006178,           0.0006178,            0.094418
                   9,            0.085613,             0.10713,            0.058555,                   0,                   0,                   0,                   0,                   0,            0.018061,                   0,           0.0006869,           0.0006869,            0.093787
                  10,            0.082575,            0.098466,            0.057378,                   0,                   0,                   0,                   0,                   0,            0.020425,                   0,          0.00075579,          0.00075579,            0.093156
                  11,            0.079537,             0.10153,            0.056494,                   0,                   0,                   0,                   0,                   0,            0.022647,                   0,          0.00082444,          0.00082444,            0.092524
                  12,            0.077155,             0.10334,            0.055891,                   0,                   0,                   0,                   0,                   0,            0.026282,                   0,          0.00089283,          0.00089283,            0.091893
                  13,            0.074129,            0.099854,            0.054858,                   0,                   0,                   0,                   0,                   0,            0.029685,                   0,          0.00096093,          0.00096093,            0.091261
                  14,            0.069851,            0.097765,            0.053807,                   0,                   0,                   0,                   0,                   0,            0.041094,                   0,           0.0010287,           0.0010287,            0.090629
                  15,            0.068937,            0.094714,            0.053297,                   0,                   0,                   0,                   0,                   0,            0.037785,                   0,           0.0010962,           0.0010962,            0.089996
                  16,            0.066333,            0.094479,             0.05239,                   0,                   0,                   0,                   0,                   0,            0.033383,                   0,           0.0011633,           0.0011633,            0.089363
                  17,            0.063482,            0.094609,            0.051619,                   0,                   0,                   0,                   0,                   0,            0.032767,                   0,           0.0012301,           0.0012301,             0.08873
                  18,            0.059875,            0.090207,            0.051505,                   0,                   0,                   0,                   0,                   0,            0.034335,                   0,           0.0012964,           0.0012964,            0.088096
                  19,             0.05892,            0.094283,            0.050791,                   0,                   0,                   0,                   0,                   0,            0.031657,                   0,           0.0013623,           0.0013623,            0.087462
                  20,            0.055748,            0.086804,            0.050558,                   0,                   0,                   0,                   0,                   0,            0.022568,                   0,           0.0014278,           0.0014278,            0.086828
                  21,            0.056092,            0.092997,            0.049617,                   0,                   0,                   0,                   0,                   0,            0.030107,                   0,           0.0014929,           0.0014929,            0.086193
                  22,            0.051982,            0.088352,            0.049092,                   0,                   0,                   0,                   0,                   0,            0.029352,                   0,           0.0015574,           0.0015574,            0.085557
                  23,            0.052863,            0.088597,            0.048779,                   0,                   0,                   0,                   0,                   0,            0.029772,                   0,           0.0016215,           0.0016215,            0.084921
                  24,            0.053925,            0.085805,             0.04853,                   0,                   0,                   0,                   0,                   0,            0.023449,                   0,            0.001685,            0.001685,            0.084285
                  25,            0.055119,            0.084057,            0.047589,                   0,                   0,                   0,                   0,                   0,            0.020437,                   0,            0.001748,            0.001748,            0.083648
                  26,            0.054416,            0.099593,            0.047721,                   0,                   0,                   0,                   0,                   0,            0.025783,                   0,           0.0018104,           0.0018104,             0.08301
                  27,            0.054847,            0.087561,            0.046784,                   0,                   0,                   0,                   0,                   0,            0.021982,                   0,           0.0018723,           0.0018723,            0.082372
                  28,             0.05776,            0.080203,            0.047758,                   0,                   0,                   0,                   0,                   0,              0.0199,                   0,           0.0019335,           0.0019335,            0.081733
                  29,            0.056371,            0.090467,            0.046791,                   0,                   0,                   0,                   0,                   0,            0.020366,                   0,           0.0019941,           0.0019941,            0.081094
                  30,             0.05513,            0.082442,             0.04602,                   0,                   0,                   0,                   0,                   0,            0.016916,                   0,           0.0020541,           0.0020541,            0.080454
                  31,            0.050469,            0.086152,            0.045997,                   0,                   0,                   0,                   0,                   0,            0.017775,                   0,           0.0021134,           0.0021134,            0.079813
                  32,            0.054851,            0.087241,            0.046207,                   0,                   0,                   0,                   0,                   0,            0.016775,                   0,            0.002172,            0.002172,            0.079172
                  33,            0.055978,            0.078672,            0.045711,                   0,                   0,                   0,                   0,                   0,            0.017454,                   0,           0.0022299,           0.0022299,             0.07853
                  34,            0.051925,            0.081838,            0.046118,                   0,                   0,                   0,                   0,                   0,            0.019864,                   0,           0.0022871,           0.0022871,            0.077887
                  35,            0.050635,            0.088318,            0.045678,                   0,                   0,                   0,                   0,                   0,            0.020977,                   0,           0.0023436,           0.0023436,            0.077244
                  36,            0.051729,              0.0838,            0.044804,                   0,                   0,                   0,                   0,                   0,            0.022717,                   0,           0.0023993,           0.0023993,            0.076599
                  37,            0.055152,            0.083932,            0.045439,                   0,                   0,                   0,                   0,                   0,            0.019487,                   0,           0.0024542,           0.0024542,            0.075954
                  38,            0.051473,            0.077519,            0.044644,                   0,                   0,                   0,                   0,                   0,            0.018584,                   0,           0.0025083,           0.0025083,            0.075308
                  39,             0.05263,            0.081206,            0.044277,                   0,                   0,                   0,                   0,                   0,            0.020493,                   0,           0.0025617,           0.0025617,            0.074662
                  40,            0.050922,            0.072451,            0.044857,                   0,                   0,                   0,                   0,                   0,            0.018833,                   0,           0.0026142,           0.0026142,            0.074014
                  41,            0.052208,            0.078691,            0.044751,                   0,                   0,                   0,                   0,                   0,            0.020612,                   0,           0.0026659,           0.0026659,            0.073366
                  42,            0.048485,            0.080259,            0.043329,                   0,                   0,                   0,                   0,                   0,            0.022607,                   0,           0.0027167,           0.0027167,            0.072717
                  43,            0.050633,              0.0785,            0.043391,                   0,                   0,                   0,                   0,                   0,            0.021718,                   0,           0.0027667,           0.0027667,            0.072067
                  44,            0.048045,            0.082302,            0.044047,                   0,                   0,                   0,                   0,                   0,            0.023745,                   0,           0.0028157,           0.0028157,            0.071416
                  45,            0.052827,            0.082425,            0.043721,                   0,                   0,                   0,                   0,                   0,            0.017187,                   0,           0.0028639,           0.0028639,            0.070764
                  46,            0.048016,            0.077915,            0.042689,                   0,                   0,                   0,                   0,                   0,            0.013308,                   0,           0.0029112,           0.0029112,            0.070111
                  47,             0.05018,            0.071142,            0.042879,                   0,                   0,                   0,                   0,                   0,            0.012443,                   0,           0.0029575,           0.0029575,            0.069457
                  48,            0.048688,            0.079247,            0.043301,                   0,                   0,                   0,                   0,                   0,            0.014214,                   0,           0.0030029,           0.0030029,            0.068803
                  49,            0.048393,            0.067856,            0.041326,                   0,                   0,                   0,                   0,                   0,            0.010804,                   0,           0.0030473,           0.0030473,            0.068147
                  50,            0.050093,             0.07566,            0.042628,                   0,                   0,                   0,                   0,                   0,              0.0153,                   0,           0.0030908,           0.0030908,            0.067491
                  51,            0.047391,            0.075078,            0.042192,                   0,                   0,                   0,                   0,                   0,            0.020787,                   0,           0.0031333,           0.0031333,            0.066833
                  52,            0.048434,            0.069622,            0.040263,                   0,                   0,                   0,                   0,                   0,            0.022033,                   0,           0.0031748,           0.0031748,            0.066175
                  53,            0.045715,            0.075562,            0.042585,                   0,                   0,                   0,                   0,                   0,            0.029143,                   0,           0.0032153,           0.0032153,            0.065515
                  54,            0.045745,            0.081574,            0.041188,                   0,                   0,                   0,                   0,                   0,            0.017145,                   0,           0.0032547,           0.0032547,            0.064855
                  55,            0.045611,            0.069476,            0.039867,                   0,                   0,                   0,                   0,                   0,            0.012572,                   0,           0.0032932,           0.0032932,            0.064193
                  56,            0.043305,            0.076626,            0.039538,                   0,                   0,                   0,                   0,                   0,            0.028525,                   0,           0.0033306,           0.0033306,            0.063531
                  57,            0.045878,            0.068295,            0.040924,                   0,                   0,                   0,                   0,                   0,            0.017657,                   0,            0.003367,            0.003367,            0.062867
                  58,            0.043678,            0.075905,            0.040137,                   0,                   0,                   0,                   0,                   0,            0.016666,                   0,           0.0034023,           0.0034023,            0.062202
                  59,            0.043368,             0.06916,            0.039632,                   0,                   0,                   0,                   0,                   0,            0.022459,                   0,           0.0034366,           0.0034366,            0.061537
                  60,            0.046169,             0.06786,            0.038081,                   0,                   0,                   0,                   0,                   0,            0.020381,                   0,           0.0034698,           0.0034698,             0.06087
                  61,            0.043799,            0.077097,            0.039931,                   0,                   0,                   0,                   0,                   0,            0.018512,                   0,           0.0035019,           0.0035019,            0.060202
                  62,            0.042723,            0.068804,            0.037893,                   0,                   0,                   0,                   0,                   0,            0.019245,                   0,           0.0035329,           0.0035329,            0.059533
                  63,            0.041319,             0.06268,            0.037905,                   0,                   0,                   0,                   0,                   0,            0.023821,                   0,           0.0035629,           0.0035629,            0.058863
                  64,            0.040703,            0.067326,            0.038612,                   0,                   0,                   0,                   0,                   0,            0.023352,                   0,           0.0035917,           0.0035917,            0.058192
                  65,            0.042424,            0.066233,            0.039692,                   0,                   0,                   0,                   0,                   0,           0.0088664,                   0,           0.0036194,           0.0036194,            0.057519
                  66,            0.041798,            0.065344,            0.036985,                   0,                   0,                   0,                   0,                   0,            0.011316,                   0,            0.003646,            0.003646,            0.056846
                  67,            0.044009,            0.066603,            0.036871,                   0,                   0,                   0,                   0,                   0,            0.019685,                   0,           0.0036715,           0.0036715,            0.056172
                  68,            0.042299,            0.060404,            0.036998,                   0,                   0,                   0,                   0,                   0,            0.014882,                   0,           0.0036959,           0.0036959,            0.055496
                  69,            0.045114,            0.073357,            0.037231,                   0,                   0,                   0,                   0,                   0,            0.020793,                   0,           0.0037192,           0.0037192,            0.054819
                  70,            0.040405,             0.06275,            0.036766,                   0,                   0,                   0,                   0,                   0,           0.0085926,                   0,           0.0037413,           0.0037413,            0.054141
                  71,            0.045796,            0.063261,            0.034724,                   0,                   0,                   0,                   0,                   0,           0.0062684,                   0,           0.0037623,           0.0037623,            0.053462
                  72,            0.052805,            0.063929,            0.035281,                   0,                   0,                   0,                   0,                   0,           0.0041587,                   0,           0.0037822,           0.0037822,            0.052782
                  73,            0.048311,            0.068266,            0.036826,                   0,                   0,                   0,                   0,                   0,           0.0072355,                   0,           0.0038009,           0.0038009,            0.052101
                  74,            0.049551,            0.062374,            0.035039,                   0,                   0,                   0,                   0,                   0,           0.0077264,                   0,           0.0038185,           0.0038185,            0.051418
                  75,            0.047506,            0.068465,            0.034647,                   0,                   0,                   0,                   0,                   0,            0.011619,                   0,           0.0038349,           0.0038349,            0.050735
                  76,            0.043941,            0.062847,            0.034901,                   0,                   0,                   0,                   0,                   0,            0.020727,                   0,           0.0038502,           0.0038502,             0.05005
                  77,            0.051551,            0.058921,            0.032386,                   0,                   0,                   0,                   0,                   0,            0.018786,                   0,           0.0038644,           0.0038644,            0.049364
                  78,            0.045223,            0.059044,            0.034301,                   0,                   0,                   0,                   0,                   0,            0.018523,                   0,           0.0038774,           0.0038774,            0.048677
                  79,            0.046982,             0.05676,            0.033355,                   0,                   0,                   0,                   0,                   0,            0.018059,                   0,           0.0038893,           0.0038893,            0.047989
                  80,            0.043048,            0.059498,            0.032406,                   0,                   0,                   0,                   0,                   0,            0.023446,                   0,           0.0039001,           0.0039001,              0.0473
                  81,            0.045749,            0.059137,            0.032194,                   0,                   0,                   0,                   0,                   0,            0.021328,                   0,           0.0039097,           0.0039097,             0.04661
                  82,              0.0427,            0.063405,            0.032669,                   0,                   0,                   0,                   0,                   0,            0.021009,                   0,           0.0039182,           0.0039182,            0.045918
                  83,            0.042574,             0.06458,            0.032452,                   0,                   0,                   0,                   0,                   0,            0.021784,                   0,           0.0039255,           0.0039255,            0.045226
                  84,            0.047979,            0.062446,            0.030935,                   0,                   0,                   0,                   0,                   0,            0.016545,                   0,           0.0039317,           0.0039317,            0.044532
                  85,            0.040787,            0.059433,            0.032473,                   0,                   0,                   0,                   0,                   0,            0.019784,                   0,           0.0039369,           0.0039369,            0.043837
                  86,            0.046776,            0.061339,            0.032277,                   0,                   0,                   0,                   0,                   0,            0.016959,                   0,           0.0039408,           0.0039408,            0.043141
                  87,            0.047149,            0.065441,            0.031034,                   0,                   0,                   0,                   0,                   0,            0.015065,                   0,           0.0039437,           0.0039437,            0.042444
                  88,            0.041485,            0.059249,            0.030352,                   0,                   0,                   0,                   0,                   0,            0.025972,                   0,           0.0039455,           0.0039455,            0.041745
                  89,            0.044821,            0.064976,            0.030229,                   0,                   0,                   0,                   0,                   0,            0.017976,                   0,           0.0039461,           0.0039461,            0.041046
                  90,            0.037328,            0.062909,            0.030894,                   0,                   0,                   0,                   0,                   0,            0.020299,                   0,           0.0039457,           0.0039457,            0.040346
                  91,            0.040608,             0.05659,            0.029225,                   0,                   0,                   0,                   0,                   0,            0.022268,                   0,           0.0039442,           0.0039442,            0.039644
                  92,            0.044816,            0.065233,            0.029095,                   0,                   0,                   0,                   0,                   0,            0.024515,                   0,           0.0039416,           0.0039416,            0.038942
                  93,            0.039952,            0.056862,            0.028766,                   0,                   0,                   0,                   0,                   0,            0.024106,                   0,           0.0039379,           0.0039379,            0.038238
                  94,            0.037952,            0.058818,            0.028178,                   0,                   0,                   0,                   0,                   0,             0.02801,                   0,           0.0039332,           0.0039332,            0.037533
                  95,             0.03876,            0.056078,            0.028542,                   0,                   0,                   0,                   0,                   0,            0.025256,                   0,           0.0039274,           0.0039274,            0.036827
                  96,            0.037959,            0.051302,            0.029303,                   0,                   0,                   0,                   0,                   0,            0.023027,                   0,           0.0039206,           0.0039206,            0.036121
                  97,            0.043175,            0.063288,            0.027498,                   0,                   0,                   0,                   0,                   0,            0.036329,                   0,           0.0039127,           0.0039127,            0.035413
                  98,            0.042652,            0.061045,            0.028225,                   0,                   0,                   0,                   0,                   0,            0.026895,                   0,           0.0039038,           0.0039038,            0.034704
                  99,             0.03705,            0.054852,            0.026717,                   0,                   0,                   0,                   0,                   0,             0.02216,                   0,           0.0038939,           0.0038939,            0.033994
                 100,            0.038785,            0.056461,            0.024925,                   0,                   0,                   0,                   0,                   0,            0.020814,                   0,            0.003883,            0.003883,            0.033283
                 101,            0.037198,            0.057591,            0.027016,                   0,                   0,                   0,                   0,                   0,             0.02441,                   0,           0.0038711,           0.0038711,            0.032571
                 102,            0.038301,            0.056999,            0.027334,                   0,                   0,                   0,                   0,                   0,            0.028125,                   0,           0.0038582,           0.0038582,            0.031858
                 103,            0.034031,            0.052326,            0.024677,                   0,                   0,                   0,                   0,                   0,            0.031391,                   0,           0.0038444,           0.0038444,            0.031144
                 104,            0.032462,            0.053123,             0.02484,                   0,                   0,                   0,                   0,                   0,            0.021202,                   0,           0.0038296,           0.0038296,             0.03043
                 105,            0.040409,            0.057252,            0.026266,                   0,                   0,                   0,                   0,                   0,            0.017587,                   0,           0.0038139,           0.0038139,            0.029714
                 106,            0.035757,            0.053677,            0.024429,                   0,                   0,                   0,                   0,                   0,            0.024276,                   0,           0.0037972,           0.0037972,            0.028997
                 107,             0.03377,            0.056443,             0.02475,                   0,                   0,                   0,                   0,                   0,            0.021779,                   0,           0.0037797,           0.0037797,             0.02828
                 108,            0.038721,            0.053376,            0.025211,                   0,                   0,                   0,                   0,                   0,            0.010842,                   0,           0.0037612,           0.0037612,            0.027561
                 109,             0.03285,            0.054653,            0.024125,                   0,                   0,                   0,                   0,                   0,            0.023318,                   0,           0.0037419,           0.0037419,            0.026842
                 110,            0.033757,            0.050075,            0.023309,                   0,                   0,                   0,                   0,                   0,            0.023832,                   0,           0.0037217,           0.0037217,            0.026122
                 111,            0.035847,            0.050626,            0.023612,                   0,                   0,                   0,                   0,                   0,            0.015414,                   0,           0.0037007,           0.0037007,            0.025401
                 112,            0.036702,            0.054863,            0.024307,                   0,                   0,                   0,                   0,                   0,            0.020217,                   0,           0.0036789,           0.0036789,            0.024679
                 113,            0.037971,             0.05805,            0.022092,                   0,                   0,                   0,                   0,                   0,            0.021693,                   0,           0.0036562,           0.0036562,            0.023956
                 114,            0.035858,            0.052531,            0.023203,                   0,                   0,                   0,                   0,                   0,             0.02059,                   0,           0.0036328,           0.0036328,            0.023233
                 115,            0.032251,            0.054302,             0.02462,                   0,                   0,                   0,                   0,                   0,            0.020655,                   0,           0.0036085,           0.0036085,            0.022509
                 116,            0.030722,            0.048577,            0.023715,                   0,                   0,                   0,                   0,                   0,            0.031499,                   0,           0.0035836,           0.0035836,            0.021784
                 117,            0.035986,            0.053173,            0.021255,                   0,                   0,                   0,                   0,                   0,            0.027612,                   0,           0.0035579,           0.0035579,            0.021058
                 118,            0.034074,            0.055073,            0.021229,                   0,                   0,                   0,                   0,                   0,            0.036997,                   0,           0.0035315,           0.0035315,            0.020331
                 119,            0.037918,            0.054538,            0.021289,                   0,                   0,                   0,                   0,                   0,            0.029828,                   0,           0.0035044,           0.0035044,            0.019604
                 120,            0.039413,            0.053071,            0.020448,                   0,                   0,                   0,                   0,                   0,            0.031204,                   0,           0.0034766,           0.0034766,            0.018877
                 121,            0.037221,            0.048748,            0.021967,                   0,                   0,                   0,                   0,                   0,            0.026724,                   0,           0.0034481,           0.0034481,            0.018148
                 122,            0.035142,            0.050793,            0.022655,                   0,                   0,                   0,                   0,                   0,            0.026612,                   0,           0.0034191,           0.0034191,            0.017419
                 123,            0.037697,            0.051416,            0.022102,                   0,                   0,                   0,                   0,                   0,            0.026928,                   0,           0.0033894,           0.0033894,            0.016689
                 124,            0.037935,            0.055134,             0.02128,                   0,                   0,                   0,                   0,                   0,            0.027271,                   0,           0.0033592,           0.0033592,            0.015959
                 125,            0.035056,            0.052733,            0.020725,                   0,                   0,                   0,                   0,                   0,            0.026552,                   0,           0.0033284,           0.0033284,            0.015228
                 126,            0.033672,            0.052437,            0.020113,                   0,                   0,                   0,                   0,                   0,            0.027287,                   0,            0.003297,            0.003297,            0.014497
                 127,            0.040391,            0.057688,            0.021023,                   0,                   0,                   0,                   0,                   0,            0.020438,                   0,           0.0032651,           0.0032651,            0.013765
                 128,            0.031861,             0.04875,            0.019554,                   0,                   0,                   0,                   0,                   0,             0.02834,                   0,           0.0032328,           0.0032328,            0.013033
                 129,            0.033924,            0.056759,            0.021163,                   0,                   0,                   0,                   0,                   0,            0.030389,                   0,           0.0031999,           0.0031999,              0.0123
                 130,            0.036359,            0.049229,            0.020132,                   0,                   0,                   0,                   0,                   0,            0.025355,                   0,           0.0031667,           0.0031667,            0.011567
                 131,            0.037461,            0.052225,            0.018007,                   0,                   0,                   0,                   0,                   0,             0.02277,                   0,            0.003133,            0.003133,            0.010833
                 132,            0.038869,            0.052658,            0.019286,                   0,                   0,                   0,                   0,                   0,            0.021879,                   0,           0.0030989,           0.0030989,            0.010099
                 133,            0.033827,            0.057586,            0.019201,                   0,                   0,                   0,                   0,                   0,            0.031952,                   0,           0.0030644,           0.0030644,           0.0093644
                 134,            0.032543,            0.047296,             0.01787,                   0,                   0,                   0,                   0,                   0,            0.033645,                   0,           0.0030296,           0.0030296,           0.0086296
                 135,            0.039201,             0.05004,             0.01823,                   0,                   0,                   0,                   0,                   0,            0.023466,                   0,           0.0029945,           0.0029945,           0.0078945
                 136,            0.032654,            0.047155,            0.018483,                   0,                   0,                   0,                   0,                   0,            0.022029,                   0,           0.0029591,           0.0029591,           0.0071591
                 137,            0.029749,            0.047174,            0.017638,                   0,                   0,                   0,                   0,                   0,            0.025353,                   0,           0.0029234,           0.0029234,           0.0064234
                 138,            0.031915,            0.047786,            0.019056,                   0,                   0,                   0,                   0,                   0,            0.030625,                   0,           0.0028874,           0.0028874,           0.0056874
                 139,            0.032627,            0.046971,            0.019395,                   0,                   0,                   0,                   0,                   0,            0.028629,                   0,           0.0028513,           0.0028513,           0.0049513
                 140,            0.032275,            0.048701,             0.01958,                   0,                   0,                   0,                   0,                   0,            0.030986,                   0,            0.002815,            0.002815,            0.004215
                 141,             0.02928,             0.04537,            0.017458,                   0,                   0,                   0,                   0,                   0,            0.031659,                   0,           0.0027785,           0.0027785,           0.0034785
                 142,            0.030676,            0.045946,             0.01795,                   0,                   0,                   0,                   0,                   0,            0.031571,                   0,           0.0027419,           0.0027419,           0.0027419
                 143,            0.033856,            0.045769,            0.016872,                   0,                   0,                   0,                   0,                   0,            0.025319,                   0,           0.0027419,           0.0027419,           0.0027419
                 144,            0.031486,            0.049862,            0.017911,                   0,                   0,                   0,                   0,                   0,            0.024128,                   0,           0.0026864,           0.0026864,           0.0026864
                 145,             0.02894,            0.045731,            0.019006,                   0,                   0,                   0,                   0,                   0,            0.026207,                   0,           0.0026316,           0.0026316,           0.0026316
                 146,            0.029003,            0.047706,            0.016307,                   0,                   0,                   0,                   0,                   0,            0.027128,                   0,           0.0025775,           0.0025775,           0.0025775
                 147,            0.032084,            0.045735,            0.016279,                   0,                   0,                   0,                   0,                   0,            0.024754,                   0,           0.0025241,           0.0025241,           0.0025241
                 148,            0.027165,             0.04862,            0.016774,                   0,                   0,                   0,                   0,                   0,            0.024921,                   0,           0.0024714,           0.0024714,           0.0024714
                 149,            0.027326,            0.044111,            0.016997,                   0,                   0,                   0,                   0,                   0,            0.029176,                   0,           0.0024195,           0.0024195,           0.0024195
                 150,            0.029955,            0.049084,            0.016538,                   0,                   0,                   0,                   0,                   0,            0.029726,                   0,           0.0023684,           0.0023684,           0.0023684
                 151,            0.032192,            0.048293,            0.016793,                   0,                   0,                   0,                   0,                   0,            0.023209,                   0,            0.002318,            0.002318,            0.002318
                 152,            0.027768,            0.048301,            0.015414,                   0,                   0,                   0,                   0,                   0,            0.022506,                   0,           0.0022684,           0.0022684,           0.0022684
                 153,            0.025607,            0.046775,             0.01707,                   0,                   0,                   0,                   0,                   0,            0.025737,                   0,           0.0022196,           0.0022196,           0.0022196
                 154,            0.025338,            0.043432,            0.016521,                   0,                   0,                   0,                   0,                   0,            0.027726,                   0,           0.0021717,           0.0021717,           0.0021717
                 155,            0.027701,             0.04412,            0.014337,                   0,                   0,                   0,                   0,                   0,            0.029514,                   0,           0.0021245,           0.0021245,           0.0021245
                 156,            0.029611,            0.042093,            0.016965,                   0,                   0,                   0,                   0,                   0,            0.026457,                   0,           0.0020782,           0.0020782,           0.0020782
                 157,            0.025608,            0.041894,            0.015578,                   0,                   0,                   0,                   0,                   0,            0.025688,                   0,           0.0020327,           0.0020327,           0.0020327
                 158,            0.024855,            0.045114,              0.0157,                   0,                   0,                   0,                   0,                   0,            0.026568,                   0,           0.0019881,           0.0019881,           0.0019881
                 159,            0.025652,            0.046873,             0.01659,                   0,                   0,                   0,                   0,                   0,            0.029148,                   0,           0.0019443,           0.0019443,           0.0019443
                 160,            0.027712,            0.046299,            0.015805,                   0,                   0,                   0,                   0,                   0,            0.031811,                   0,           0.0019014,           0.0019014,           0.0019014
                 161,            0.023728,            0.043271,            0.015274,                   0,                   0,                   0,                   0,                   0,            0.030507,                   0,           0.0018594,           0.0018594,           0.0018594
                 162,            0.023698,             0.03978,            0.014751,                   0,                   0,                   0,                   0,                   0,            0.029617,                   0,           0.0018183,           0.0018183,           0.0018183
                 163,            0.027859,            0.047187,            0.015182,                   0,                   0,                   0,                   0,                   0,            0.028601,                   0,           0.0017781,           0.0017781,           0.0017781
                 164,            0.025109,            0.046317,            0.014054,                   0,                   0,                   0,                   0,                   0,            0.029681,                   0,           0.0017389,           0.0017389,           0.0017389
                 165,            0.023436,            0.042781,             0.01422,                   0,                   0,                   0,                   0,                   0,            0.031022,                   0,           0.0017005,           0.0017005,           0.0017005
                 166,            0.024642,            0.049107,            0.013827,                   0,                   0,                   0,                   0,                   0,            0.031419,                   0,           0.0016631,           0.0016631,           0.0016631
                 167,            0.027645,            0.045926,            0.014417,                   0,                   0,                   0,                   0,                   0,            0.031075,                   0,           0.0016267,           0.0016267,           0.0016267
                 168,            0.026515,            0.044525,            0.014539,                   0,                   0,                   0,                   0,                   0,            0.029188,                   0,           0.0015912,           0.0015912,           0.0015912
                 169,            0.022395,            0.044077,            0.014042,                   0,                   0,                   0,                   0,                   0,            0.029313,                   0,           0.0015566,           0.0015566,           0.0015566
                 170,            0.021957,            0.045851,            0.015303,                   0,                   0,                   0,                   0,                   0,            0.030231,                   0,           0.0015231,           0.0015231,           0.0015231
                 171,            0.025619,            0.041657,            0.012718,                   0,                   0,                   0,                   0,                   0,            0.028361,                   0,           0.0014905,           0.0014905,           0.0014905
                 172,            0.026072,            0.043643,            0.013436,                   0,                   0,                   0,                   0,                   0,             0.02339,                   0,           0.0014589,           0.0014589,           0.0014589
                 173,            0.022764,            0.042199,            0.014593,                   0,                   0,                   0,                   0,                   0,            0.022439,                   0,           0.0014283,           0.0014283,           0.0014283
                 174,            0.023954,            0.050598,            0.015109,                   0,                   0,                   0,                   0,                   0,            0.024362,                   0,           0.0013987,           0.0013987,           0.0013987
                 175,            0.024011,            0.043532,            0.014279,                   0,                   0,                   0,                   0,                   0,            0.029937,                   0,           0.0013701,           0.0013701,           0.0013701
                 176,            0.022663,            0.043127,            0.014127,                   0,                   0,                   0,                   0,                   0,            0.035636,                   0,           0.0013425,           0.0013425,           0.0013425
                 177,            0.021991,            0.041149,            0.013863,                   0,                   0,                   0,                   0,                   0,            0.035561,                   0,            0.001316,            0.001316,            0.001316
                 178,            0.022355,            0.041227,            0.012894,                   0,                   0,                   0,                   0,                   0,            0.034831,                   0,           0.0012905,           0.0012905,           0.0012905
                 179,            0.023028,            0.044088,            0.014215,                   0,                   0,                   0,                   0,                   0,            0.032892,                   0,            0.001266,            0.001266,            0.001266
                 180,             0.02249,            0.042517,            0.014089,                   0,                   0,                   0,                   0,                   0,            0.031517,                   0,           0.0012426,           0.0012426,           0.0012426
                 181,             0.02018,             0.04179,            0.013982,                   0,                   0,                   0,                   0,                   0,            0.030392,                   0,           0.0012202,           0.0012202,           0.0012202
                 182,             0.02002,            0.042482,            0.012563,                   0,                   0,                   0,                   0,                   0,            0.032152,                   0,           0.0011989,           0.0011989,           0.0011989
                 183,            0.021817,            0.040843,            0.013246,                   0,                   0,                   0,                   0,                   0,            0.032658,                   0,           0.0011787,           0.0011787,           0.0011787
                 184,            0.020396,            0.037859,            0.014077,                   0,                   0,                   0,                   0,                   0,            0.032571,                   0,           0.0011595,           0.0011595,           0.0011595
                 185,            0.019211,            0.039897,            0.012518,                   0,                   0,                   0,                   0,                   0,            0.028982,                   0,           0.0011414,           0.0011414,           0.0011414
                 186,            0.020388,            0.037074,            0.013276,                   0,                   0,                   0,                   0,                   0,            0.026698,                   0,           0.0011243,           0.0011243,           0.0011243
                 187,            0.020127,            0.041758,            0.012236,                   0,                   0,                   0,                   0,                   0,            0.026624,                   0,           0.0011084,           0.0011084,           0.0011084
                 188,            0.020884,            0.040884,            0.013345,                   0,                   0,                   0,                   0,                   0,            0.027545,                   0,           0.0010935,           0.0010935,           0.0010935
                 189,            0.020352,            0.042949,            0.013388,                   0,                   0,                   0,                   0,                   0,            0.029622,                   0,           0.0010797,           0.0010797,           0.0010797
                 190,             0.02079,            0.042024,            0.011243,                   0,                   0,                   0,                   0,                   0,            0.030249,                   0,            0.001067,            0.001067,            0.001067
                 191,            0.022229,            0.039698,            0.012584,                   0,                   0,                   0,                   0,                   0,            0.030428,                   0,           0.0010554,           0.0010554,           0.0010554
                 192,            0.020165,            0.037535,            0.010952,                   0,                   0,                   0,                   0,                   0,            0.032252,                   0,           0.0010449,           0.0010449,           0.0010449
                 193,            0.020523,            0.040707,            0.012764,                   0,                   0,                   0,                   0,                   0,            0.033907,                   0,           0.0010355,           0.0010355,           0.0010355
                 194,            0.019741,            0.036466,            0.011548,                   0,                   0,                   0,                   0,                   0,            0.033086,                   0,           0.0010272,           0.0010272,           0.0010272
                 195,            0.021415,            0.042237,            0.013549,                   0,                   0,                   0,                   0,                   0,             0.03039,                   0,             0.00102,             0.00102,             0.00102
                 196,            0.020018,            0.038802,            0.012647,                   0,                   0,                   0,                   0,                   0,            0.027565,                   0,           0.0010139,           0.0010139,           0.0010139
                 197,            0.019738,            0.039799,              0.0131,                   0,                   0,                   0,                   0,                   0,            0.026236,                   0,           0.0010089,           0.0010089,           0.0010089
                 198,            0.018317,            0.036924,             0.01187,                   0,                   0,                   0,                   0,                   0,            0.026253,                   0,            0.001005,            0.001005,            0.001005
                 199,            0.019698,            0.038408,            0.012601,                   0,                   0,                   0,                   0,                   0,            0.026904,                   0,           0.0010022,           0.0010022,           0.0010022
